Name BD,IsDiffFaces,IsWithProfile,NbEpoches,BS,WD,LR, Archit, LossType,Loss1,Loss2,Loss3,Acc1,Acc2,Acc3
ds123,True,False,40,16,0.001,0.0001, 1, triplet_loss,1,3,4,7,3,1
ds1234,True,False,40,16,0.001,0.0001,1,cross_entropy,tensor(74.1915),tensor(63.9217),tensor(95.9621),tensor(60),tensor(84),tensor(82)
ds1234,True,False,40,16,0.001,0.0001,1,triplet_loss,0.7478703260421753,0.7478703260421753,0.7478703260421753,52.0,52.0,52.0
ds01234,True,False,40,16,0.001,0.001,1,cross_entropy,1.0256119966506958,0.6697659492492676,0.7640357613563538,73.0,86.0,86.0
gbrieven,True,False,100,16,0.001,0.001,1,cross_entropy,1.1062175035476685,0.8325635194778442,1.3196903467178345,73.0,83.0,81.0
